{"Guinea": 1426.1810421069802, "Sierra Leone": 1291.0540212956726, "Mali": 1604.5920296453576, "Mauritania": 1262.8047573275217, "Tunisia": 1663.70741778374, "Egypt": 1698.5474665335294, "Vietnam": 1341.6646872947722, "Estonia": 1193.201060350871, "Japan": 1973.2466422458645, "Nigeria": 1773.3502445345346, "Saudi Arabia": 1585.7038067348697, "Mexico": 1906.4795980496226, "Botswana": 1201.214489733863, "Senegal": 1832.9103742657587, "Algeria": 1826.8811166788507, "Angola": 1429.057190845501, "Mozambique": 1317.2779783570777, "Cameroon": 1604.6520349550703, "Malawi": 1256.425601351761, "Ethiopia": 1202.8027753592091, "Tanzania": 1216.8601962287958, "Namibia": 1240.0554116938295, "Argentina": 2149.8621251003788, "Denmark": 1824.8236575452295, "Sudan": 1291.4093878830975, "Uganda": 1371.473043887988, "Togo": 1325.5977346775594, "Mauritius": 992.5304413215808, "Zambia": 1385.6693939308277, "Ivory Coast": 1721.100563003825, "Netherlands": 1946.1615198118077, "France": 2083.7692383728045, "Spain": 2163.451629428313, "Uruguay": 1896.6007350765537, "Ghana": 1524.1881554638778, "Congo": 1125.498133524272, "Burkina Faso": 1534.6155302279383, "Liberia": 1260.1722654376401, "Zimbabwe": 1298.624393094594, "Cyprus": 1115.461587258894, "Greece": 1647.6547988817767, "Canada": 1816.9547706493443, "Portugal": 1977.0437563126395, "South Korea": 1845.446667242307, "Colombia": 2003.3051449639122, "Serbia": 1648.2801423454887, "Norway": 1878.1407812004757, "Romania": 1518.036738796822, "Australia": 1854.7996547247578, "Bulgaria": 1353.6949522556845, "Israel": 1513.066921637699, "Luxembourg": 1225.4701172736052, "Republic of Ireland": 1619.1883301331893, "England": 2040.0103768960264, "Trinidad and Tobago": 1381.467632839597, "Finland": 1429.5284992596162, "Turkey": 1847.8828527520711, "China": 1425.5142946760554, "Hong Kong": 1181.0767800358235, "New Zealand": 1639.5263330388632, "Singapore": 1100.2433593007254, "Brazil": 2020.3929456874082, "Slovakia": 1557.128908414061, "Malta": 1089.0945133062153, "Germany": 1938.572263179465, "Thailand": 1414.2168290922505, "Morocco": 1946.1824351456119, "Sweden": 1623.050365723144, "Czech Republic": 1642.3963802696628, "Switzerland": 1857.705987970059, "Hungary": 1623.3225540229316, "Latvia": 1073.9018562023027, "Iraq": 1643.657776794794, "Uzbekistan": 1747.366686724041, "Russia": 1744.6670040624074, "India": 1061.3511367850772, "Barbados": 891.5921246455721, "Saint Kitts and Nevis": 1061.5526256270248, "Jamaica": 1550.7693231207852, "Cuba": 1249.9296347419101, "Poland": 1651.1910480477302, "Lithuania": 1075.0294367780368, "Alderney": 885.7311073169121, "Jersey": 1761.130239510713, "Sint Maarten": 1113.305107010859, "Grenada": 1081.6098639043944, "Saint Lucia": 993.1667391124749, "Tahiti": 1371.0795068724112, "Fiji": 1234.819084078021, "Croatia": 1902.3208932300124, "Ukraine": 1704.8821759083532, "Italy": 1818.0466892308916, "Nepal": 879.7658316862673, "Bangladesh": 906.3652134215506, "Pakistan": 903.3089273884432, "United States": 1754.8729146080102, "Guyana": 1341.8293031017959, "Lebanon": 1294.4959570518522, "Montserrat": 1027.1895668066668, "Anguilla": 603.1374990454597, "Albania": 1493.0059883204824, "Moldova": 1029.2861154021034, "Austria": 1768.388378095881, "Honduras": 1583.2641918365455, "Wales": 1605.9267301841467, "Belarus": 1376.5175760654674, "Georgia": 1533.222996717073, "Northern Ireland": 1484.1811684548973, "Chile": 1676.2833666333947, "Scotland": 1727.040309305495, "San Marino": 516.4408129332721, "Azerbaijan": 1159.8229241268427, "Slovenia": 1560.5994868878458, "Belgium": 1892.5843932660584, "Sri Lanka": 756.0104960476649, "Syria": 1457.9177546144774, "Gabon": 1387.8553501564804, "Benin": 1383.772554672592, "Bolivia": 1586.089108318013, "Venezuela": 1691.7590547173747, "Peru": 1644.3239090775612, "DR Congo": 1648.4883201103464, "North Macedonia": 1452.7633562562207, "Iceland": 1448.5334978237768, "Armenia": 1197.0483535336462, "Liechtenstein": 642.0209437106944, "Faroe Islands": 1201.373510539115, "Antigua and Barbuda": 889.1903946070347, "Guernsey": 1688.2309065277166, "Kuwait": 1314.213013096459, "Aruba": 1013.0498199618619, "Cura\u00e7ao": 1499.0225737900062, "French Guiana": 1288.713434902753, "Martinique": 1328.2259059772844, "Guadeloupe": 1396.4753520522288, "Suriname": 1466.976237089554, "South Africa": 1519.3772514187642, "Paraguay": 1830.7252038910913, "Dominican Republic": 1334.14725500497, "Puerto Rico": 1202.3862917187869, "Ecuador": 1963.6470170488453, "Costa Rica": 1624.9786676365977, "Isle of Man": 1642.3637561008056, "Ynys M\u00f4n": 1529.4713328530222, "Gibraltar": 841.3983279040478, "Greenland": 1310.797282839834, "Isle of Wight": 1571.8793825380055, "\u00c5land Islands": 1308.1414073276885, "Cayman Islands": 783.7288065720311, "Saint Vincent and the Grenadines": 1160.9155228734514, "Malaysia": 1349.541988876606, "Indonesia": 1364.8005725693301, "Cook Islands": 889.1340641228446, "New Caledonia": 1492.6553103640697, "Papua New Guinea": 1296.6697082945154, "Guam": 719.1889180325363, "Vanuatu": 1275.6997816739524, "Solomon Islands": 1171.937897429364, "Wallis Islands and Futuna": 1142.524576927725, "Panama": 1745.5508015807438, "Nicaragua": 1354.6642151674773, "Myanmar": 907.3792130762267, "El Salvador": 1338.3278885582706, "Cape Verde": 1521.3166846575325, "Gambia": 1370.9526847687187, "Guinea-Bissau": 1173.0535086222167, "Dominica": 939.3826281514484, "Rwanda": 1274.9218171705613, "Kenya": 1297.2101387933337, "Zanzibar": 1398.810214571196, "Belize": 1093.2212683242699, "Bosnia and Herzegovina": 1486.5915535240395, "Guatemala": 1505.6839661974007, "Somalia": 778.1761392682033, "Brunei": 635.271779997681, "Philippines": 1168.708006061329, "Cambodia": 858.7973610698923, "Laos": 677.1773263404418, "Maldives": 761.7915015777767, "Basque Country": 1598.6077826516805, "Kazakhstan": 1285.1421190889916, "Kyrgyzstan": 1308.4746337403624, "Yemen": 1122.248996316354, "Macau": 573.3012989001816, "Canary Islands": 1356.0591307623936, "Oman": 1450.80660852889, "Qatar": 1426.052051971777, "Haiti": 1604.782612501873, "Turkmenistan": 1232.1332583253763, "United Arab Emirates": 1563.0217982349952, "Iran": 1840.2568620530722, "Tajikistan": 1264.273928766368, "Niger": 1322.3837958871977, "Eswatini": 1104.1706224177592, "Madagascar": 1353.883371600173, "Burundi": 1193.3795877092944, "Bahrain": 1392.3091224199065, "Taiwan": 833.3288832419453, "Jordan": 1686.9370777583479, "Seychelles": 710.0443105352294, "Tonga": 814.2400747732422, "Samoa": 1027.628207191712, "Andorra": 825.5239405830564, "Lesotho": 1224.8443214152524, "Bermuda": 1143.5055192100472, "British Virgin Islands": 774.8052471049932, "Libya": 1381.3445338936604, "Saint Martin": 1111.2004555098613, "Mongolia": 742.3235279267287, "Palestine": 1453.5154148705647, "Fr\u00f8ya": 906.6945015151407, "Hitra": 1125.9338811318087, "Shetland": 1375.5372415149247, "Chad": 1007.2374247613204, "Catalonia": 1509.9764774199427, "United States Virgin Islands": 724.2083245120725, "Corsica": 1376.5751846755836, "Brittany": 1335.8244558339884, "Northern Mariana Islands": 669.7796343191349, "Djibouti": 784.940470429548, "Palau": 1238.2826455738386, "Equatorial Guinea": 1265.0884278103467, "S\u00e3o Tom\u00e9 and Pr\u00edncipe": 931.8544953365151, "R\u00e9union": 1478.5305362365536, "Comoros": 1293.1362585734955, "American Samoa": 602.1213532968868, "North Korea": 1345.2762274985082, "Eritrea": 954.0898291601134, "Kernow": 1474.0357462201032, "Bahamas": 647.6001000445608, "Turks and Caicos Islands": 724.662975302911, "Micronesia": 1044.7665644856468, "Gotland": 1301.7291714755281, "Saare County": 1137.3016406353306, "Rhodes": 1467.1709786571275, "Bhutan": 576.9197791754166, "Central African Republic": 1155.489075168224, "Andalusia": 1447.4570537420684, "Monaco": 1225.3065863671582, "Western Sahara": 1146.3778740553378, "Tibet": 1018.80948909667, "Orkney": 1208.576413739855, "Falkland Islands": 967.3801123256289, "Mayotte": 1303.0061076861275, "Vatican City": 1215.0031672435296,