{"Guinea": 1574.518248558134, "Sierra Leone": 1468.0613876344864, "Mali": 1715.075433742774, "Mauritania": 1445.8058243326632, "Tunisia": 1761.6481962865676, "Egypt": 1789.096164887227, "Vietnam": 1507.9338912919375, "Estonia": 1390.970077608386, "Japan": 2005.5118881753522, "Nigeria": 1848.0278936158243, "Saudi Arabia": 1700.1947614138508, "Mexico": 1952.910936155491, "Botswana": 1397.2832822674147, "Senegal": 1894.9510360733595, "Algeria": 1890.2010176643946, "Angola": 1576.7841592872694, "Mozambique": 1488.721357291126, "Cameroon": 1715.1227076105206, "Malawi": 1440.780146148948, "Ethiopia": 1398.5345782769716, "Tanzania": 1409.609409124819, "Namibia": 1427.8832511145959, "Argentina": 2144.6545243580968, "Denmark": 1888.580093592148, "Sudan": 1468.341355409601, "Uganda": 1531.4177515380516, "Togo": 1495.2758949121762, "Mauritius": 1232.876129756945, "Zambia": 1542.602034689268, "Ivory Coast": 1806.8641275043303, "Netherlands": 1984.173468259407, "France": 2092.584692520207, "Spain": 2155.3607174168515, "Uruguay": 1945.1280905388746, "Ghana": 1651.7310041825838, "Congo": 1337.6318109757804, "Burkina Faso": 1659.945982788576, "Liberia": 1443.7318733099798, "Zimbabwe": 1474.0255390891646, "Cyprus": 1329.7247380342471, "Greece": 1749.001492410124, "Canada": 1882.380763562746, "Portugal": 2008.503361247806, "South Korea": 1904.8274796587334, "Colombia": 2029.1928205619006, "Serbia": 1749.4941555484525, "Norway": 1930.584820579665, "Romania": 1646.8847454204476, "Australia": 1912.196025798963, "Bulgaria": 1517.4116717989677, "Israel": 1642.9693839261427, "Luxembourg": 1416.392546662579, "Republic of Ireland": 1726.574809083867, "England": 2058.11023284189, "Trinidad and Tobago": 1539.2917693297723, "Finland": 1577.1554692887212, "Turkey": 1906.7467750035134, "China": 1573.9929662119462, "Hong Kong": 1381.4182291657216, "New Zealand": 1742.5976587981181, "Singapore": 1317.7353907703166, "Brazil": 2042.6550697418959, "Slovakia": 1677.6826542262475, "Malta": 1308.952016872404, "Germany": 1978.1944388027348, "Thailand": 1565.092505628831, "Morocco": 1984.1899459466129, "Sweden": 1729.6174291550672, "Czech Republic": 1744.85876258816, "Switzerland": 1914.4857167300227, "Hungary": 1729.8318667398046, "Latvia": 1296.9828150454032, "Iraq": 1745.8525261865818, "Uzbekistan": 1827.5573172386842, "Russia": 1825.4304314395156, "India": 1287.0950059050163, "Barbados": 1153.3540898590168, "Saint Kitts and Nevis": 1287.2537444718557, "Jamaica": 1672.6723943756751, "Cuba": 1435.6624412680328, "Poland": 1751.7874487894699, "Lithuania": 1297.8711546817722, "Alderney": 1148.7366158491404, "Jersey": 1838.4006305599485, "Sint Maarten": 1328.0258023478737, "Grenada": 1303.0553999289687, "Saint Lucia": 1233.3774230217896, "Tahiti": 1531.107712027937, "Fiji": 1423.757925199765, "Croatia": 1949.6345917356587, "Ukraine": 1794.0868267908074, "Italy": 1883.2410076788217, "Nepal": 1144.0370042217253, "Bangladesh": 1164.9927439771534, "Pakistan": 1162.5849160296716, "United States": 1833.4709343162099, "Guyana": 1508.0635802465888, "Lebanon": 1470.7730412615979, "Montserrat": 1260.1815619299325, "Anguilla": 926.1014369408792, "Albania": 1627.1648174128936, "Moldova": 1261.8332817777025, "Austria": 1844.1187959223357, "Honduras": 1698.272764300477, "Wales": 1716.1269483012945, "Belarus": 1535.3919756215728, "Georgia": 1658.8489057908916, "Northern Ireland": 1620.2123765504648, "Chile": 1771.5558818821828, "Scotland": 1811.5436264095983, "San Marino": 857.7993534599271, "Azerbaijan": 1364.6738447412833, "Slovenia": 1680.4168733904826, "Belgium": 1941.9639036947142, "Sri Lanka": 1046.5390761571737, "Syria": 1599.521321735499, "Gabon": 1544.3241923783985, "Benin": 1541.1076514645354, "Bolivia": 1700.4983128190702, "Venezuela": 1783.7480634618728, "Peru": 1746.3773239017798, "DR Congo": 1749.658163836564, "North Macedonia": 1595.4605419900752, "Iceland": 1592.1281407562894, "Armenia": 1394.001083197291, "Liechtenstein": 956.7349063691704, "Faroe Islands": 1397.4085633225807, "Antigua and Barbuda": 1151.461939501867, "Guernsey": 1780.9684892591013, "Kuwait": 1486.3066916045263, "Aruba": 1249.041872367362, "Cura\u00e7ao": 1631.9048523719916, "French Guiana": 1466.2174079580695, "Martinique": 1497.346442052626, "Guadeloupe": 1551.115271893566, "Suriname": 1606.6578485621735, "South Africa": 1647.9408389012603, "Paraguay": 1893.2294974996994, "Dominican Republic": 1502.0114470689132, "Puerto Rico": 1398.2064607715372, "Ecuador": 1997.9490339187985, "Costa Rica": 1731.1365995429499, "Isle of Man": 1744.8330603519535, "Ynys M\u00f4n": 1655.8932396642383, "Gibraltar": 1113.8100075070204, "Greenland": 1483.6156834057294, "Isle of Wight": 1689.3034918865653, "\u00c5land Islands": 1481.5233101088904, "Cayman Islands": 1068.3763394285327, "Saint Vincent and the Grenadines": 1365.534624710491, "Malaysia": 1514.139850647187, "Indonesia": 1526.1609912918584, "Cook Islands": 1151.4175607648447, "New Caledonia": 1626.8885434729323, "Papua New Guinea": 1472.485583522453, "Guam": 1017.5300031663647, "Vanuatu": 1455.9648865632437, "Solomon Islands": 1374.2183608581686, "Wallis Islands and Futuna": 1351.0457211363312, "Panama": 1826.1267119386291, "Nicaragua": 1518.1752843346371, "Myanmar": 1165.7916013749289, "El Salvador": 1505.305067560835, "Cape Verde": 1649.4687788597575, "Gambia": 1531.0077980138947, "Guinea-Bissau": 1375.097270678642, "Dominica": 1191.00479032329, "Rwanda": 1455.351984284752, "Kenya": 1472.9113498429576, "Zanzibar": 1552.9547421413754, "Belize": 1312.2031903415245, "Bosnia and Herzegovina": 1622.1113455837303, "Guatemala": 1637.1528843408314, "Somalia": 1064.0017922256877, "Brunei": 951.4177257014304, "Philippines": 1371.6737617535562, "Cambodia": 1127.5174543434953, "Laos": 984.4320916820902, "Maldives": 1051.093514625682, "Basque Country": 1710.360875942908, "Kazakhstan": 1463.4038250890228, "Kyrgyzstan": 1481.7858352327119, "Yemen": 1335.0720494581474, "Macau": 902.5956407626941, "Canary Islands": 1519.274238005018, "Oman": 1593.918961191354, "Qatar": 1574.4166265079964, "Haiti": 1715.2255802680857, "Turkmenistan": 1421.6419562625551, "United Arab Emirates": 1682.3252382804135, "Iran": 1900.7388054177559, "Tajikistan": 1446.9632788417555, "Niger": 1492.7438636961515, "Eswatini": 1320.8293989187273, "Madagascar": 1517.5601138487598, "Burundi": 1391.110726473821, "Bahrain": 1547.8329992150063, "Taiwan": 1107.4526724383807, "Jordan": 1779.9491746280771, "Seychelles": 1010.3256246290657, "Tonga": 1092.4139731749035, "Samoa": 1260.5271351408705, "Andorra": 1101.3037194742312, "Lesotho": 1415.8995271150504, "Bermuda": 1351.8185350080225, "British Virgin Islands": 1061.3461087357914, "Libya": 1539.1947885239442, "Saint Martin": 1326.3676988035993, "Mongolia": 1035.756098385825, "Palestine": 1596.0530348818222, "Fr\u00f8ya": 1165.2521663826253, "Hitra": 1337.9751051753774, "Shetland": 1534.6196405380406, "Chad": 1244.462704235169, "Catalonia": 1640.5346452017438, "United States Virgin Islands": 1021.4844325195983, "Corsica": 1535.4373613020853, "Brittany": 1503.3327929723737, "Northern Mariana Islands": 978.6039822045049, "Djibouti": 1069.330922235076, "Palau": 1426.486616191744, "Equatorial Guinea": 1447.6049640570934, "S\u00e3o Tom\u00e9 and Pr\u00edncipe": 1185.0739159261316, "R\u00e9union": 1615.7606498374269, "Comoros": 1469.701832624425, "American Samoa": 925.3008887900766, "North Korea": 1510.7791640647768, "Eritrea": 1202.5915362084222, "Kernow": 1612.2195280633412, "Bahamas": 961.1303223736058, "Turks and Caicos Islands": 1021.8426191777405, "Micronesia": 1274.029214206522, "Gotland": 1476.471570669772, "Saare County": 1346.9309452820708, "Rhodes": 1606.8112714368197, "Bhutan": 905.446381118715, "Central African Republic": 1361.2595168512603, "Andalusia": 1591.2800878856608, "Monaco": 1416.2637124230625, "Western Sahara": 1354.0814568015508, "Tibet": 1253.5795014245932, "Orkney": 1403.0832126982853, "Falkland Islands": 1213.0619944342636, "Mayotte": 1477.4775768687095,