{"Guinea": 1428.900099154742, "Sierra Leone": 1290.464279959826, "Mali": 1602.606864331662, "Mauritania": 1250.434810425866, "Tunisia": 1550.5703260662663, "Egypt": 1686.4100252005587, "Vietnam": 1323.8661952238742, "Estonia": 1220.059229850739, "Japan": 1985.5171803903245, "Nigeria": 1775.7302588685975, "Saudi Arabia": 1553.2423910459302, "Mexico": 1904.0974925790265, "Botswana": 1202.6849411199405, "Senegal": 1836.3431036640213, "Algeria": 1850.8507250760895, "Angola": 1429.0693939365137, "Mozambique": 1312.0754741911935, "Cameroon": 1613.8765853334871, "Malawi": 1254.894132876559, "Ethiopia": 1205.3554702909958, "Tanzania": 1195.0976822722675, "Namibia": 1233.0977437444121, "Argentina": 2175.768689666312, "Denmark": 1839.5058341306294, "Sudan": 1277.3886599000741, "Uganda": 1366.6455002045927, "Togo": 1324.4953791925705, "Mauritius": 998.0911854378282, "Zambia": 1379.2160485486324, "Ivory Coast": 1824.5773714162956, "Netherlands": 1968.1739894290781, "France": 2108.8228930772216, "Spain": 2165.4262918444133, "Uruguay": 1893.1395377634653, "Ghana": 1527.724244681564, "Congo": 1124.7429487568977, "Burkina Faso": 1525.0223141511897, "Liberia": 1261.111196527962, "Zimbabwe": 1306.6818078955819, "Cyprus": 1152.1869808270724, "Greece": 1671.4823161483446, "Canada": 1780.950628756354, "Portugal": 1995.9478003282147, "South Korea": 1834.0695553646547, "Colombia": 2025.4081248730208, "Serbia": 1650.6006548494179, "Norway": 1901.8240275714143, "Romania": 1539.8729261637018, "Australia": 1928.1167085121224, "Bulgaria": 1402.3989216209368, "Israel": 1545.1139090857478, "Luxembourg": 1260.2405708970803, "Republic of Ireland": 1652.4190069151618, "England": 2043.3923514073294, "Trinidad and Tobago": 1342.1699617772542, "Finland": 1479.0161910377847, "Turkey": 1789.5705876456204, "China": 1414.3180566773221, "Hong Kong": 1213.761467313075, "New Zealand": 1572.620936688188, "Singapore": 1090.4422585335337, "Brazil": 2026.1103321854484, "Slovakia": 1585.5385364053027, "Malta": 1129.3464366778344, "Germany": 1984.27757165196, "Thailand": 1404.5626504801423, "Morocco": 1969.8312500428792, "Sweden": 1773.8221459505876, "Czech Republic": 1654.335642805719, "Switzerland": 1848.0909721385324, "Hungary": 1649.8158174053528, "Latvia": 1109.6302719885227, "Iraq": 1630.9038701023069, "Uzbekistan": 1729.3052425702995, "Russia": 1757.5861419235675, "India": 1036.5243254124587, "Barbados": 888.1930590776444, "Saint Kitts and Nevis": 1058.0682368860507, "Jamaica": 1508.5633846942565, "Cuba": 1234.2082359296803, "Poland": 1679.4864151835213, "Lithuania": 1112.2362431290362, "Alderney": 893.6819772830918, "Jersey": 1753.7589447624305, "Sint Maarten": 1108.4036148542607, "Grenada": 1050.193447436663, "Saint Lucia": 978.0972799325918, "Tahiti": 1325.7789030026283, "Fiji": 1137.3106540897818, "Croatia": 1928.7416859865325, "Ukraine": 1726.5098624333032, "Italy": 1844.1401781470277, "Nepal": 870.8051745548175, "Bangladesh": 900.3381400927663, "Pakistan": 878.5869127987492, "United States": 1840.6639671714552, "Guyana": 1325.7138937687293, "Lebanon": 1268.1351137416425, "Montserrat": 1020.2439153387436, "Anguilla": 607.1687546648698, "Albania": 1521.9323519110749, "Moldova": 1067.9928906825296, "Austria": 1803.280568007397, "Honduras": 1559.431684141462, "Wales": 1617.0336701936671, "Belarus": 1428.831944058216, "Georgia": 1562.2212391243165, "Northern Ireland": 1518.136916224034, "Chile": 1688.4983523447572, "Scotland": 1783.5307383292425, "San Marino": 559.4616679718799, "Azerbaijan": 1201.4804143254687, "Slovenia": 1594.4389698854761, "Belgium": 1919.2949407522997, "Sri Lanka": 748.7366671830694, "Syria": 1447.1253987751893, "Gabon": 1381.543225500961, "Benin": 1380.1729532607185, "Bolivia": 1561.4391308147224, "Venezuela": 1717.4172040088374, "Peru": 1651.3323746209107, "DR Congo": 1651.8495568295252, "North Macedonia": 1473.7253626655731, "Iceland": 1480.2492028862955, "Armenia": 1232.234569251772, "Liechtenstein": 698.4126070909915, "Faroe Islands": 1234.8871564254111, "Antigua and Barbuda": 883.6639562773955, "Guernsey": 1682.431369210813, "Kuwait": 1310.6269292500979, "Aruba": 1026.5225242090191, "Cura\u00e7ao": 1424.5506306781017, "French Guiana": 1276.3079761957524, "Martinique": 1315.8395140816951, "Guadeloupe": 1381.7713366386688, "Suriname": 1441.6981895958718, "South Africa": 1503.5724538983684, "Paraguay": 1742.78861099318, "Dominican Republic": 1316.7901481933675, "Puerto Rico": 1190.5571447836585, "Ecuador": 1896.7725256507038, "Costa Rica": 1595.5632319580518, "Isle of Man": 1636.932259881838, "Ynys M\u00f4n": 1526.4522561178019, "Gibraltar": 894.8638957518367, "Greenland": 1309.332385094974, "Isle of Wight": 1568.0304731901806, "\u00c5land Islands": 1308.8222914617568, "Cayman Islands": 774.4739244324137, "Saint Vincent and the Grenadines": 1149.8181109933364, "Malaysia": 1332.9750051326214, "Indonesia": 1348.5729359326451, "Cook Islands": 875.0923413526884, "New Caledonia": 1433.0051808737624, "Papua New Guinea": 1226.018623917819, "Guam": 725.8232410173509, "Vanuatu": 1206.4624802237454, "Solomon Islands": 1078.8447740671133, "Wallis Islands and Futuna": 1145.9312964599853, "Panama": 1716.9576313508387, "Nicaragua": 1338.7680651090602, "Myanmar": 897.4640924966207, "El Salvador": 1319.2153235391652, "Cape Verde": 1522.9216636180945, "Gambia": 1362.7819055654968, "Guinea-Bissau": 1172.4531373054167, "Dominica": 935.2969362545418, "Rwanda": 1294.4016369926048, "Kenya": 1305.8525581771125, "Zanzibar": 1392.407893029103, "Belize": 1085.0782141699517, "Bosnia and Herzegovina": 1552.4698893447794, "Guatemala": 1471.433913866826, "Somalia": 800.6996460868747, "Brunei": 640.0329967371276, "Philippines": 1153.9563682064709, "Cambodia": 841.8075984511017, "Laos": 671.2132441545862, "Maldives": 748.3471673498359, "Basque Country": 1600.0803546728753, "Kazakhstan": 1336.8718978976137, "Kyrgyzstan": 1275.2861094577413, "Yemen": 1109.1942137025262, "Macau": 561.7239746074906, "Canary Islands": 1356.41344908401, "Oman": 1427.2986425312356, "Qatar": 1420.8381211387104, "Haiti": 1554.0514462824394, "Turkmenistan": 1214.2741315401297, "United Arab Emirates": 1542.095890828372, "Iran": 1822.9853774498015, "Tajikistan": 1237.8263061725334, "Niger": 1322.7918450591267, "Eswatini": 1106.8765595351701, "Madagascar": 1361.429091160153, "Burundi": 1191.3291508197312, "Bahrain": 1367.9843818529853, "Taiwan": 822.6111027003017, "Jordan": 1659.3198909169432, "Seychelles": 720.4154692830168, "Tonga": 801.5363157787065, "Samoa": 1000.3056293991017, "Andorra": 875.6978157943138, "Lesotho": 1224.3770828723511, "Bermuda": 1144.844313100399, "British Virgin Islands": 770.3188027112205, "Libya": 1390.8399612565713, "Saint Martin": 1103.5611261604454, "Mongolia": 730.3380072455859, "Palestine": 1436.6544134153662, "Fr\u00f8ya": 913.8700706710429, "Hitra": 1129.532503785042, "Shetland": 1374.7482025246622, "Chad": 1010.6391940928122, "Catalonia": 1510.4279589324697, "United States Virgin Islands": 742.0823088881411, "Corsica": 1376.08969838911, "Brittany": 1334.6035295005624, "Northern Mariana Islands": 664.527031984768, "Djibouti": 796.6162287808581, "Palau": 1237.012372649654, "Equatorial Guinea": 1270.8625356246848, "S\u00e3o Tom\u00e9 and Pr\u00edncipe": 936.1378912664657, "R\u00e9union": 1473.0542091647878, "Comoros": 1271.2837929380667, "American Samoa": 555.5296599311971, "North Korea": 1324.440326348771, "Eritrea": 953.9047203326204, "Kernow": 1471.5534548818637, "Bahamas": 648.6500743395834, "Turks and Caicos Islands": 728.1886183769714, "Micronesia": 1042.5153409640534, "Gotland": 1302.64144378198, "Saare County": 1140.8245475478536, "Rhodes": 1465.258700738929, "Bhutan": 569.1660151364267, "Central African Republic": 1165.3887710552908, "Andalusia": 1443.832647340761, "Monaco": 1227.0311436605778, "Western Sahara": 1149.424129415241, "Tibet": 1023.439819224838, "Orkney": 1210.744806022853, "Falkland Islands": 973.455568916489, "Mayotte": 1297.6964481145285,