{"Guinea": 1429.054912122764, "Sierra Leone": 1290.3747357012576, "Mali": 1603.0682923334628, "Mauritania": 1250.2746089471207, "Tunisia": 1550.9399028098753, "Egypt": 1712.3259273979995, "Vietnam": 1323.8356096901805, "Estonia": 1219.8454115214663, "Japan": 1986.6544949033562, "Nigeria": 1776.4972721791216, "Saudi Arabia": 1587.3829748546002, "Mexico": 1905.0910907531863, "Botswana": 1202.440454911264, "Senegal": 1837.2171065292434, "Algeria": 1851.7503357800435, "Angola": 1429.2245057318448, "Mozambique": 1312.024076501312, "Cameroon": 1614.3579058586572, "Malawi": 1254.7418026819428, "Ethiopia": 1205.1156979136495, "Tanzania": 1194.839803564885, "Namibia": 1232.9069400880214, "Argentina": 2177.2418228383567, "Denmark": 1840.3854196264872, "Sudan": 1277.2760354714142, "Uganda": 1366.6904257082979, "Togo": 1324.4659042504165, "Mauritius": 997.4855646398023, "Zambia": 1379.2831627051582, "Ivory Coast": 1825.4306062337857, "Netherlands": 1969.2806909543135, "France": 2110.1778582109537, "Spain": 2120.402727509614, "Uruguay": 1860.347503199296, "Ghana": 1528.0534951200436, "Congo": 1124.3608847941432, "Burkina Faso": 1525.3467953308557, "Liberia": 1260.9698402593156, "Zimbabwe": 1306.6208896831592, "Cyprus": 1151.8533591504408, "Greece": 1672.0653182809158, "Canada": 1781.7268566987193, "Portugal": 1997.1035262420994, "South Korea": 1834.9395451214184, "Colombia": 2026.6158520914962, "Serbia": 1651.1467981338149, "Norway": 1902.8136127841365, "Romania": 1540.223620605121, "Australia": 1929.152703726473, "Bulgaria": 1402.5069565637252, "Israel": 1545.4738545436946, "Luxembourg": 1260.097677860957, "Republic of Ireland": 1652.9683598274594, "England": 2044.631823124764, "Trinidad and Tobago": 1342.1716847722143, "Finland": 1479.2594654263503, "Turkey": 1790.362030936584, "China": 1414.4471304437523, "Hong Kong": 1213.5365326138021, "New Zealand": 1599.881972655253, "Singapore": 1089.9996493912015, "Brazil": 2027.319298891163, "Slovakia": 1585.9698365883148, "Malta": 1128.972498470015, "Germany": 1985.412698094338, "Thailand": 1404.6745046857934, "Morocco": 1970.9408768486503, "Sweden": 1774.5857911936316, "Czech Republic": 1654.8883788296519, "Switzerland": 1848.9857115196035, "Hungary": 1650.3605753495806, "Latvia": 1109.2215321856356, "Iraq": 1631.4152459997547, "Uzbekistan": 1729.990309688768, "Russia": 1758.3211285077612, "India": 1035.9865441053098, "Barbados": 887.3934537926477, "Saint Kitts and Nevis": 1057.5684833847706, "Jamaica": 1508.8588137226936, "Cuba": 1234.0193924364332, "Poland": 1680.0835455919462, "Lithuania": 1111.8321032041588, "Alderney": 892.8920606526463, "Jersey": 1754.4871758458492, "Sint Maarten": 1107.992709841986, "Grenada": 1049.679793907767, "Saint Lucia": 977.4563672908334, "Tahiti": 1325.7516936469412, "Fiji": 1136.9507737615636, "Croatia": 1929.7787843674134, "Ukraine": 1727.1899953422478, "Italy": 1845.027943862842, "Nepal": 869.9748773920755, "Bangladesh": 899.5599724554161, "Pakistan": 877.7703514161428, "United States": 1841.545596922763, "Guyana": 1325.686569663289, "Lebanon": 1268.0061556004468, "Montserrat": 1019.6773969902963, "Anguilla": 605.8731049310434, "Albania": 1522.25137890549, "Moldova": 1067.5106554860542, "Austria": 1804.0962111968931, "Honduras": 1559.8169023346297, "Wales": 1617.5205633842427, "Belarus": 1428.9866367236282, "Georgia": 1562.6113812448536, "Northern Ireland": 1518.4492437808065, "Chile": 1689.1113899944128, "Scotland": 1784.3115205005868, "San Marino": 558.0818090249984, "Azerbaijan": 1201.2338019703327, "Slovenia": 1594.8859804912188, "Belgium": 1895.008813682333, "Sri Lanka": 747.6909032279259, "Syria": 1447.3123817675225, "Gabon": 1381.614447427493, "Benin": 1380.2417564785214, "Bolivia": 1561.8278924123676, "Venezuela": 1718.0812871930223, "Peru": 1651.879809485876, "DR Congo": 1652.397904588356, "North Macedonia": 1473.959298053908, "Iceland": 1480.494653701146, "Armenia": 1232.0422419801325, "Liechtenstein": 697.2780146243663, "Faroe Islands": 1234.6995113151431, "Antigua and Barbuda": 882.8563565368768, "Guernsey": 1683.0336978461326, "Kuwait": 1310.57297468999, "Aruba": 1025.9670884218579, "Cura\u00e7ao": 1424.6977662685472, "French Guiana": 1276.1934442197949, "Martinique": 1315.794760411792, "Guadeloupe": 1381.842961211028, "Suriname": 1441.8755928581113, "South Africa": 1503.8590732848033, "Paraguay": 1743.4974780106347, "Dominican Republic": 1316.747072516316, "Puerto Rico": 1190.2912514370416, "Ecuador": 1897.7531943055099, "Costa Rica": 1596.0122270325803, "Isle of Man": 1637.4542766713314, "Ynys M\u00f4n": 1526.7792613310246, "Gibraltar": 894.0760653612151, "Greenland": 1309.2761454960569, "Isle of Wight": 1568.430869364424, "\u00c5land Islands": 1308.7651514812314, "Cayman Islands": 773.4735900838423, "Saint Vincent and the Grenadines": 1149.4803079533403, "Malaysia": 1332.9604978331577, "Indonesia": 1348.5859610097948, "Cook Islands": 874.269611596957, "New Caledonia": 1433.1672398449475, "Papua New Guinea": 1225.8153246941856, "Guam": 724.7370318847809, "Vanuatu": 1206.2246618629142, "Solomon Islands": 1078.3816938562666, "Wallis Islands and Futuna": 1145.5866326867979, "Panama": 1717.6209033295079, "Nicaragua": 1338.7637833139318, "Myanmar": 896.6808517914492, "El Salvador": 1319.1765286120306, "Cape Verde": 1569.7208787058464, "Gambia": 1362.820011322144, "Guinea-Bissau": 1172.1552880308955, "Dominica": 934.5804754393475, "Rwanda": 1294.319042681313, "Kenya": 1305.7901762310803, "Zanzibar": 1392.4982925069396, "Belize": 1084.6261367916413, "Bosnia and Herzegovina": 1552.8428190646425, "Guatemala": 1471.663804549993, "Somalia": 799.7456035480827, "Brunei": 638.7953566650597, "Philippines": 1153.6258697287003, "Cambodia": 840.9261167949553, "Laos": 670.0306412746816, "Maldives": 747.3007158768264, "Basque Country": 1600.5373230565172, "Kazakhstan": 1336.8642691207313, "Kyrgyzstan": 1275.1697737540817, "Yemen": 1108.784704200048, "Macau": 560.3481089260688, "Canary Islands": 1356.4403136866513, "Oman": 1427.4506287200231, "Qatar": 1420.9787036669497, "Haiti": 1554.4271676560031, "Turkmenistan": 1214.0501017598976, "United Arab Emirates": 1542.4505090915547, "Iran": 1796.9832651631907, "Tajikistan": 1237.6438490438507, "Niger": 1322.7593631576565, "Eswatini": 1106.4629590716402, "Madagascar": 1361.4648090234202, "Burundi": 1191.0646201641791, "Bahrain": 1368.031670656942, "Taiwan": 821.695736732355, "Jordan": 1659.8814247870703, "Seychelles": 719.3197147299716, "Tonga": 800.5837500707423, "Samoa": 999.7039173826897, "Andorra": 874.876154779723, "Lesotho": 1224.170886115265, "Bermuda": 1144.497730660203, "British Virgin Islands": 769.3111340323737, "Libya": 1390.9275931308957, "Saint Martin": 1103.1416735257858, "Mongolia": 729.2597672626237, "Palestine": 1436.8229137566263, "Fr\u00f8ya": 913.1157886511996, "Hitra": 1129.1588940098677, "Shetland": 1374.8074303518438, "Chad": 1010.0557221621241, "Catalonia": 1510.7266791769537, "United States Virgin Islands": 741.0247991251053, "Corsica": 1376.1512941309743, "Brittany": 1334.591896758423, "Northern Mariana Islands": 663.3326270707389, "Djibouti": 795.6549784794097, "Palau": 1236.828478822439, "Equatorial Guinea": 1270.7383917378559, "S\u00e3o Tom\u00e9 and Pr\u00edncipe": 935.4229148462464, "R\u00e9union": 1473.2869598799, "Comoros": 1271.160392625187, "American Samoa": 554.1428604787056, "North Korea": 1324.4107542311874, "Eritrea": 953.2211046765528, "Kernow": 1471.7835565704704, "Bahamas": 647.4276445302676, "Turks and Caicos Islands": 727.106584443095, "Micronesia": 1041.988134578577, "Gotland": 1302.5733938013852, "Saare County": 1140.470869698625, "Rhodes": 1465.4776913677438, "Bhutan": 567.8032856244906, "Central African Republic": 1165.0784522555084, "Andalusia": 1444.0138181985394, "Monaco": 1226.8296316659842, "Western Sahara": 1149.0856309465162, "Tibet": 1022.8789420624262, "Orkney": 1210.5145465240396, "Falkland Islands": 972.8064630510612, "Mayotte": 1297.619669573408, "Vatican City": 1215.351244682655,